{
  "title":"Lecture 9",
  "description": "Lecture presentation on void pointers, function pointers, hash tables, using external libraries, symbols and linkage, static versus dynamic linkage, linking external libraries, symbol resolution issues, creating libraries, data structures, B-trees, and priority queues.",
  "file": "/courses/6-087-practical-programming-in-c-january-iap-2010/4b9152a12a01274abfaf5a3c2686564b_MIT6_087IAP10_lec09.pdf",
  "learning_resource_types": ["Lecture Notes"],
  "resource_type": "Document",
  "file_type": "application/pdf"}
