{
  "title":"Photograph of two stacks of movies",
  "description": "In problem set 7, which focuses on libraries, B-trees, and priority queues, students work with a movie database. Image courtesy of Jeezny on Flickr.",
  "file": "/courses/6-087-practical-programming-in-c-january-iap-2010/ea7cfb3f6b1dc004d37c0b06ac102e62_6-087iap10.jpg",
  "learning_resource_types": [],
  "resource_type": "Image",
  "file_type": "image/jpeg",
  "image_metadata": {"caption":"In problem set 7, which focuses on libraries, B-trees, and priority queues, students work with a movie database. (Image courtesy of Jeezny on Flickr.)","credit":"","image-alt":"Photograph of two stacks of movies."}}
