{
  "title":"Problem Set 1 — Solutions",
  "description": "Solutions to a problem set on writing, compiling, and debugging C programs, preprocessor macros, the C ﬁle structure, variables, functions and program statements, and returning from functions.",
  "file": "/courses/6-087-practical-programming-in-c-january-iap-2010/656e0e2be308dc417a8ff800c4e69d6b_MIT6_087IAP10_assn01_sol.pdf",
  "learning_resource_types": ["Assignments"],
  "resource_type": "Document",
  "file_type": "application/pdf"}
