{
  "title":"Problem Set 3",
  "description": "Problem set on programming in C, control ﬂow, functions, variable scope, static and global variables, I/O, printf and scanf, file I/O, character arrays, error handling, labels, and goto. (This ZIP file contains: 1 .txt file and 2 .c files.)",
  "file": "/courses/6-087-practical-programming-in-c-january-iap-2010/e69d005d49d18bbe6498104ebef9923c_MIT6_087IAP10_assn03.pdf",
  "learning_resource_types": ["Assignments"],
  "resource_type": "Document",
  "file_type": "application/pdf"}
