{"02aef29b-821a-0258-e53b-a95a648207f9":"/resources/mit6_087iap10_lec08/data.json","041eab80-7a3b-a02a-9429-7d4d5994f091":"/resources/lab02/data.json","054dd7dd-a4bc-1b7f-5f1c-72eca060e72e":"/pages/calendar/data.json","1aa34dec-d30f-3368-26cd-087d2f52035b":"/resources/mit6_087iap10_lec06/data.json","1d420c46-5b42-25eb-e6a8-ceb42815c64c":"/resources/mit6_087iap10_assn02/data.json","1fa9cb7f-0808-9417-485f-b12f118a0f5b":"/resources/mit6_087iap10_assn06a_sol/data.json","262cf4e0-5f03-9e45-c926-109c8aa95024":"/resources/mit6_087iap10_lec04/data.json","2ae6d57a-3ce6-e5c8-685b-459fbe9dbffb":"/resources/mit6_087iap10_assn04/data.json","2c3254cd-19d3-a002-25c8-a75901f6a82e":"/resources/assn07/data.json","2d7ce9e8-1c1c-e03c-8c93-a12c9d21d0dd":"/resources/mit6_087iap10_lec10/data.json","2f28fa7b-829f-cc2f-5677-bdcc7f44d928":"/pages/labs/data.json","32104fd7-cc9c-7bd7-b99d-797a113234df":"/resources/assn06b/data.json","39a5b0af-4d8f-beb5-8ccd-c0247c8d6528":"/resources/mit6_087iap10_lab02/data.json","40d5984d-819a-aa72-e55a-a10376b73bde":"/resources/mit6_087iap10_lec12/data.json","4b9152a1-2a01-274a-bfaf-5a3c2686564b":"/resources/mit6_087iap10_lec09/data.json","60ba6644-2570-614e-679d-7b629c9bec9d":"/pages/assignments/data.json","62673057-5787-751a-6468-f681d95ecb9f":"/resources/mit6_087iap10_lec11/data.json","63515d42-18cf-01ba-4606-23cbe9dc3b5c":"/resources/mit6_087iap10_assn02_sol/data.json","656e0e2b-e308-dc41-7a8f-f800c4e69d6b":"/resources/mit6_087iap10_assn01_sol/data.json","6ef53f22-5955-64c4-7c0c-377ef8bd5398":"/resources/mit6_087iap10_lec03/data.json","70f46b23-902c-2d37-bc36-100c10c9ab21":"/resources/lab01/data.json","74f005c8-a239-98c1-85b8-69b9d91f00f0":"/resources/mit6_087iap10_assn06a/data.json","7550ce4d-52a2-4c97-2ec3-31e489c48e1d":"/resources/assn07_sol/data.json","7b8a9366-2bc4-40ce-60e7-f4061a15a874":"/pages/syllabus/data.json","811b88ec-ed48-d2ff-b9db-ca1cf198d606":"/resources/assn03/data.json","82fd6812-c56c-af3d-adb6-0a13d08cfd2b":"/resources/mit6_087iap10_assn03_sol/data.json","86f222c2-f255-8ba9-5597-71ed913513f5":"/resources/mit6_087iap10_lab01/data.json","8763f8f4-555c-f1f8-0059-a80535436c88":"/resources/mit6_087iap10_assn06b/data.json","887507ff-7915-f9ae-2dce-38f47b59e689":"/resources/mit6_087iap10_assn05/data.json","90b72034-b3c4-729c-9132-a1c78d5479e0":"/resources/6-087iap10-th/data.json","9360fb4e-5f22-75ad-a002-27b936f714d9":"/resources/assn06a/data.json","93e7a0ff-0902-8387-9cd9-3f98789af5d1":"/resources/lab01_sol/data.json","9433ec97-b59a-d1ce-b135-708210141796":"/resources/mit6_087iap10_lec13/data.json","96d273dc-fa2b-f3ff-7be9-49e74053e7ff":"/resources/mit6_087iap10_assn06b_sol/data.json","97618d2a-5c33-6346-313a-bf9e2934b770":"/resources/mit6_087iap10_assn05_sol/data.json","9796fe2d-da54-04aa-9d14-a49081b842d8":"/resources/mit6_087iap10_project/data.json","ab99b303-a223-49b7-830a-31eca6310fee":"/resources/mit6_087iap10_lec02/data.json","afdb6320-7659-5f21-6692-b04cafae216c":"/resources/mit6_087iap10_lec07/data.json","b2ed1416-e283-2184-2283-a8a99025d9f3":"/resources/mit6_087iap10_assn04_sol/data.json","b7f13dd2-771c-6e85-57e0-877457d07543":"/resources/mit6_087iap10_lec01/data.json","bcd0cbfc-a96b-ce87-654b-d922938a156f":"/pages/lecture-notes/data.json","cd5418a0-5353-59a7-ac9a-ba2a1ab9fb71":"/resources/mit6_087iap10_assn01/data.json","d5a4c815-a3f9-31d7-efca-0f4fb1a7604f":"/resources/mit6_087iap10_lec05/data.json","d819f17f-7632-a862-2af9-11360f42796f":"/resources/mit6_087iap10_lec14/data.json","d98c6b1c-9f6f-5c79-829f-c1af3a59ef75":"/resources/mit6_087iap10_assn07/data.json","e69d005d-49d1-8bbe-6498-104ebef9923c":"/resources/mit6_087iap10_assn03/data.json","ea7cfb3f-6b1d-c004-d37c-0b06ac102e62":"/resources/6-087iap10/data.json"}