{
  "title":"Problem Set 3 — Solutions",
  "description": "Solutions to a poblem set on programming in C, control ﬂow, functions, variable scope, static and global variables, I/O, printf and scanf, file \r\nI/O, character arrays, error handling, labels, and goto.",
  "file": "/courses/6-087-practical-programming-in-c-january-iap-2010/82fd6812c56caf3dadb60a13d08cfd2b_MIT6_087IAP10_assn03_sol.pdf",
  "learning_resource_types": ["Assignments"],
  "resource_type": "Document",
  "file_type": "application/pdf"}
