{
  "title":"Lecture 5",
  "description": "Lecture presentation on pointers and memory addresses, physical and virtual memory, addressing and indirection, functions with multiple outputs, arrays and pointer arithmetic, strings, string utility functions, searching and sorting algorithms, linear search, a simple sort, faster sorting, and binary search.",
  "file": "/courses/6-087-practical-programming-in-c-january-iap-2010/d5a4c815a3f931d7efca0f4fb1a7604f_MIT6_087IAP10_lec05.pdf",
  "learning_resource_types": ["Lecture Notes"],
  "resource_type": "Document",
  "file_type": "application/pdf"}
